[
  {
    "id": "fdb63ac2-14ec-439f-9834-9d44c49c9cff",
    "data": [
      {
        "text": "예.",
        "userDefined": false
      }
    ],
    "isTemplate": false,
    "count": 0
  },
  {
    "id": "e7c4d8a2-ab5d-4ae9-b89b-b3e73839be31",
    "data": [
      {
        "text": "네",
        "meta": "@sys.ignore",
        "userDefined": false
      },
      {
        "text": ".",
        "userDefined": false
      }
    ],
    "isTemplate": false,
    "count": 0
  },
  {
    "id": "938bf10b-faef-4c3a-9a3e-4c7e5ebb6620",
    "data": [
      {
        "text": "그럼",
        "userDefined": false
      }
    ],
    "isTemplate": false,
    "count": 1,
    "updated": 1497445130
  },
  {
    "id": "37ce650a-266c-4fdb-8eca-700078d24a65",
    "data": [
      {
        "text": "확인",
        "userDefined": false
      }
    ],
    "isTemplate": false,
    "count": 1,
    "updated": 1497445130
  },
  {
    "id": "d5621ed7-05f0-4ca6-a05f-91059cb79982",
    "data": [
      {
        "text": "좋아",
        "userDefined": false
      }
    ],
    "isTemplate": false,
    "count": 1,
    "updated": 1497445130
  },
  {
    "id": "9703e3ec-2a8c-4a34-87b1-0864f9aa7ae3",
    "data": [
      {
        "text": "물론",
        "userDefined": false
      }
    ],
    "isTemplate": false,
    "count": 2,
    "updated": 1497445130
  },
  {
    "id": "d90b4c6f-00f8-429b-aab3-c70b134474ab",
    "data": [
      {
        "text": "해",
        "userDefined": false
      }
    ],
    "isTemplate": false,
    "count": 1,
    "updated": 1497445130
  },
  {
    "id": "c2c0accf-393b-4609-b46f-9f355e473fe8",
    "data": [
      {
        "text": "상관없어",
        "userDefined": false
      }
    ],
    "isTemplate": false,
    "count": 0,
    "updated": 1497445130
  },
  {
    "id": "dc119a89-cda6-4c1c-a6e4-a196df4428f3",
    "data": [
      {
        "text": "바로 그거야",
        "userDefined": false
      }
    ],
    "isTemplate": false,
    "count": 2,
    "updated": 1497445130
  },
  {
    "id": "e3280eb6-5e0d-4a8f-917b-6bd1ba8a6e5a",
    "data": [
      {
        "text": "맞아",
        "userDefined": false
      }
    ],
    "isTemplate": false,
    "count": 2,
    "updated": 1497445130
  },
  {
    "id": "3a43f20d-9061-40e5-9a11-1b58545f0a51",
    "data": [
      {
        "text": "동의",
        "userDefined": false
      }
    ],
    "isTemplate": false,
    "count": 0,
    "updated": 1497445130
  },
  {
    "id": "a8d1a35a-9c86-4a8a-9ca2-7b6a6725aa38",
    "data": [
      {
        "text": "그래",
        "userDefined": false
      }
    ],
    "isTemplate": false,
    "count": 0,
    "updated": 1497445130
  }
]