[
  {
    "id": "4b78f711-db63-4fda-9639-b8a81cf45e12",
    "data": [
      {
        "text": "임윤섭 박사",
        "alias": "person_to_visit",
        "meta": "@person_to_visit",
        "userDefined": true
      },
      {
        "text": "님 어디 계시나요?",
        "userDefined": false
      }
    ],
    "isTemplate": false,
    "count": 0
  },
  {
    "id": "c073833e-77c9-4e5c-8f24-b647f4d7168b",
    "data": [
      {
        "text": "최종석 박사",
        "alias": "person_to_visit",
        "meta": "@person_to_visit",
        "userDefined": true
      },
      {
        "text": "님을 만나러 왔는데요.",
        "userDefined": false
      }
    ],
    "isTemplate": false,
    "count": 0
  },
  {
    "id": "843228e5-8841-4dfc-8ea1-95989be14448",
    "data": [
      {
        "text": "@person_to_visit님을 찾는데요.",
        "userDefined": false
      }
    ],
    "isTemplate": true,
    "count": 0
  },
  {
    "id": "7cc035de-9eb5-4b2f-9833-2517e194b904",
    "data": [
      {
        "text": "@person_to_visit님을 뵙고 싶은데요.",
        "userDefined": false
      }
    ],
    "isTemplate": true,
    "count": 0
  },
  {
    "id": "e87bc2fb-8195-4ae8-973d-017721d5642c",
    "data": [
      {
        "text": "@person_to_visit님이요.",
        "userDefined": false
      }
    ],
    "isTemplate": true,
    "count": 0
  },
  {
    "id": "51becfc9-d169-437d-9c6c-074f69c47d0a",
    "data": [
      {
        "text": "@person_to_visit님이 어디 계시나요?",
        "userDefined": false
      }
    ],
    "isTemplate": true,
    "count": 0
  },
  {
    "id": "24a67c89-4852-4d24-82ee-d267975e1868",
    "data": [
      {
        "text": "@person_to_visit님을 만나러 왔는데요.",
        "userDefined": false
      }
    ],
    "isTemplate": true,
    "count": 0
  }
]