[
  {
    "id": "cf41259d-ba38-4728-9f89-ef3e16850fe1",
    "data": [
      {
        "text": "예.",
        "userDefined": false
      }
    ],
    "isTemplate": false,
    "count": 0
  },
  {
    "id": "d2e32aa9-0dba-4ce5-90d1-319266117902",
    "data": [
      {
        "text": "네",
        "meta": "@sys.ignore",
        "userDefined": false
      },
      {
        "text": ".",
        "userDefined": false
      }
    ],
    "isTemplate": false,
    "count": 0
  },
  {
    "id": "2cc05e6b-7351-4f8b-9815-2a2d0ac35c54",
    "data": [
      {
        "text": "그럼",
        "userDefined": false
      }
    ],
    "isTemplate": false,
    "count": 1,
    "updated": 1497445130
  },
  {
    "id": "4df481c0-1cc3-4003-94b9-f258365465af",
    "data": [
      {
        "text": "확인",
        "userDefined": false
      }
    ],
    "isTemplate": false,
    "count": 1,
    "updated": 1497445130
  },
  {
    "id": "ac5173b1-68da-4a22-89cf-40dbfcc0de8e",
    "data": [
      {
        "text": "좋아",
        "userDefined": false
      }
    ],
    "isTemplate": false,
    "count": 1,
    "updated": 1497445130
  },
  {
    "id": "176eaaf8-3dd3-4ddc-8fc8-3892f8fb30b7",
    "data": [
      {
        "text": "물론",
        "userDefined": false
      }
    ],
    "isTemplate": false,
    "count": 2,
    "updated": 1497445130
  },
  {
    "id": "f2fa3a1e-d166-41bc-aaaf-57a7563d074b",
    "data": [
      {
        "text": "해",
        "userDefined": false
      }
    ],
    "isTemplate": false,
    "count": 1,
    "updated": 1497445130
  },
  {
    "id": "27186e99-6b79-492d-9ec6-e2c3a0e85d10",
    "data": [
      {
        "text": "상관없어",
        "userDefined": false
      }
    ],
    "isTemplate": false,
    "count": 0,
    "updated": 1497445130
  },
  {
    "id": "6051019f-7724-462e-92f8-e5cf23c18451",
    "data": [
      {
        "text": "바로 그거야",
        "userDefined": false
      }
    ],
    "isTemplate": false,
    "count": 2,
    "updated": 1497445130
  },
  {
    "id": "e31f5b85-85ce-47f4-b674-862eb05b873e",
    "data": [
      {
        "text": "맞아",
        "userDefined": false
      }
    ],
    "isTemplate": false,
    "count": 2,
    "updated": 1497445130
  },
  {
    "id": "daca68f2-8e88-450b-85c4-02b1076290c8",
    "data": [
      {
        "text": "동의",
        "userDefined": false
      }
    ],
    "isTemplate": false,
    "count": 0,
    "updated": 1497445130
  },
  {
    "id": "81dca034-526e-4e28-b693-06c66df818b8",
    "data": [
      {
        "text": "그래",
        "userDefined": false
      }
    ],
    "isTemplate": false,
    "count": 0,
    "updated": 1497445130
  }
]