[
  {
    "id": "9a517f18-7f46-498c-8bac-3e93c1bd7531",
    "data": [
      {
        "text": "1회의실",
        "alias": "place_to_visit",
        "meta": "@place_to_visit",
        "userDefined": true
      },
      {
        "text": "이 어디인가요?",
        "userDefined": false
      }
    ],
    "isTemplate": false,
    "count": 0
  },
  {
    "id": "ff42219e-2337-4019-8fef-dd08123c131c",
    "data": [
      {
        "text": "@place_to_visit이 어디에요?",
        "userDefined": false
      }
    ],
    "isTemplate": true,
    "count": 0
  },
  {
    "id": "8b801c4b-fd2f-4c06-8f87-e44f56952022",
    "data": [
      {
        "text": "@place_to_visit이 어디에 있나요?",
        "userDefined": false
      }
    ],
    "isTemplate": true,
    "count": 0
  }
]