[
  {
    "id": "c2896d41-29c0-4e3a-93cf-0854a698b119",
    "data": [
      {
        "text": "아뇨",
        "userDefined": false
      }
    ],
    "isTemplate": false,
    "count": 0
  },
  {
    "id": "90ac424d-2440-46f1-8e0e-422e93f93234",
    "data": [
      {
        "text": "아니오",
        "userDefined": false
      }
    ],
    "isTemplate": false,
    "count": 0
  },
  {
    "id": "e206b104-79ac-44aa-ae92-14abf8538823",
    "data": [
      {
        "text": "아니요",
        "userDefined": false
      }
    ],
    "isTemplate": false,
    "count": 0
  },
  {
    "id": "aa5a953b-e604-4929-9675-4d6a22b7e676",
    "data": [
      {
        "text": "아니",
        "userDefined": false
      }
    ],
    "isTemplate": false,
    "count": 3,
    "updated": 1497445128
  },
  {
    "id": "f5637eb3-e28f-4a86-a54d-4d0df61ae622",
    "data": [
      {
        "text": "고맙지만 됐어",
        "userDefined": false
      }
    ],
    "isTemplate": false,
    "count": 2,
    "updated": 1497445128
  },
  {
    "id": "f43ffbf6-b5b3-49d7-b1f9-4ad2e18959bd",
    "data": [
      {
        "text": "그건 아니지",
        "userDefined": false
      }
    ],
    "isTemplate": false,
    "count": 2,
    "updated": 1497445128
  },
  {
    "id": "e9f20ad2-c7d9-4c88-b1d2-720cba3f33b1",
    "data": [
      {
        "text": "절대 아니야",
        "userDefined": false
      }
    ],
    "isTemplate": false,
    "count": 1,
    "updated": 1497445128
  },
  {
    "id": "64747c0a-1bb0-47f3-abb5-edaf05612212",
    "data": [
      {
        "text": "관심 없어",
        "userDefined": false
      }
    ],
    "isTemplate": false,
    "count": 3,
    "updated": 1497445128
  },
  {
    "id": "c2219a0a-b5a1-45c2-8357-34d2786ede7a",
    "data": [
      {
        "text": "싫어",
        "userDefined": false
      }
    ],
    "isTemplate": false,
    "count": 2,
    "updated": 1497445128
  },
  {
    "id": "1c4f1f98-42c2-4229-bac5-60ed9e2eb9d6",
    "data": [
      {
        "text": "아닌 것 같아",
        "userDefined": false
      }
    ],
    "isTemplate": false,
    "count": 0,
    "updated": 1497445128
  },
  {
    "id": "e65875e2-8c37-4696-b424-781d5a75838c",
    "data": [
      {
        "text": "하지 마",
        "userDefined": false
      }
    ],
    "isTemplate": false,
    "count": 0,
    "updated": 1497445128
  },
  {
    "id": "7d5e8898-f739-4bed-887a-eb20f83c26f6",
    "data": [
      {
        "text": "내 생각은 달라",
        "userDefined": false
      }
    ],
    "isTemplate": false,
    "count": 1,
    "updated": 1497445128
  }
]