[
  {
    "id": "f3fa0427-1de9-4c43-bd8e-2d071075ab12",
    "data": [
      {
        "text": "RSP",
        "userDefined": false
      }
    ],
    "isTemplate": true,
    "count": 0
  },
  {
    "id": "8e9bbcc4-d799-4aab-b56b-f0066cf01886",
    "data": [
      {
        "text": "보자기",
        "alias": "RSP",
        "meta": "@RSP",
        "userDefined": true
      }
    ],
    "isTemplate": false,
    "count": 0
  },
  {
    "id": "c837d424-70e5-49f6-9d51-2834e2158c5a",
    "data": [
      {
        "text": "보",
        "alias": "RSP",
        "meta": "@RSP",
        "userDefined": true
      }
    ],
    "isTemplate": false,
    "count": 0
  },
  {
    "id": "4d880750-c7ef-4cd5-9ec4-7ed5f9cab0a9",
    "data": [
      {
        "text": "바위",
        "alias": "RSP",
        "meta": "@RSP",
        "userDefined": true
      }
    ],
    "isTemplate": false,
    "count": 0
  },
  {
    "id": "9b456570-40f0-4f8d-a6ac-4749877e8a72",
    "data": [
      {
        "text": "가위",
        "alias": "RSP",
        "meta": "@RSP",
        "userDefined": true
      }
    ],
    "isTemplate": false,
    "count": 0
  }
]